Date,Portfolio Value (USD),Portfolio Unrealized PnL (USD),Portfolio Unrealized PnL (%),Cash,Cumulative Deposit (USD),Portfolio Net Profit (USD),ROI (%),Dynamic Sharpe Ratio,Dynamic Sortino Ratio,Mean return (%),Std return (%),Volatility_30d (%),CVaR 95%
2024-04-01,27.439634955619812,0.029717205619812014,0.1083002950581372,0.0,27.41,0.02963495561981233,0.10811731346155538,,,,,,
2024-04-02,27.163001948982238,-0.24691580101776125,-0.9090151430299213,0.0,27.41,-0.24699805101776207,-0.901123863618249,,-1.0,-101.73154380880585,,,
2024-04-03,27.014814467422486,-0.39510328257751465,-1.462543017106317,0.0,27.41,-0.3951855325775142,-1.4417567770066186,-3.380954254271004,-1.3561378904395343,-78.54216560822272,16.39736657713183,,-1.0173154380880585
2024-04-04,26.08591834085083,-1.32399940914917,-5.075533059059579,0.0,27.41,-1.3240816591491686,-4.830651802806161,-1.8867005477623444,-1.3859268487884382,-172.7944451372572,49.110717436838826,,-3.6129900419532617
2024-04-05,109.12114634720916,1.3293118772091685,1.2181982335297987,0.0,108.89,0.23114634720916172,0.21227509156870392,0.0049143293627214365,0.009742890313716711,27.747448461791535,83.04141436145999,,-3.6129900419532617
2024-04-06,109.12114634720916,1.3293118772091685,1.2181982335297987,0.0,108.89,0.23114634720916172,0.21227509156870392,0.0049143293627214365,0.009742890313716711,22.197958769433228,85.5308268041094,,-3.6129900419532617
2024-04-07,109.12114634720916,1.3293118772091685,1.2181982335297987,0.0,108.89,0.23114634720916172,0.21227509156870392,0.0049143293627214365,0.009742890313716711,18.498298974527692,83.0410865649619,,-3.6129900419532617
2024-04-08,108.94620099204407,1.1543665220440684,1.0595748282479052,0.0,108.89,0.0562009920440687,0.05161262929935595,-0.020700386150564402,-0.03970225869043099,13.589636188425255,79.23737285657936,,-3.6129900419532617
2024-04-09,108.27455400178681,0.4827195317868054,0.445829157401876,0.0,108.89,-0.6154459982131897,-0.5651997412188353,-0.11427236277709986,-0.21233658715181847,4.2191107792967335,74.913863092078,,-3.6129900419532617
2024-04-10,109.03547385953826,1.2436393895382702,1.140582367845122,0.0,108.89,0.14547385953825653,0.1335970791975907,-0.014295148883240813,-0.026381618775773597,11.469800808744274,71.65052119542484,,-3.6129900419532617
2024-04-11,112.12995969920044,4.33812522920044,3.8688368753880624,0.0,108.89,3.2399596992004405,2.9754428314817156,0.37545766466289165,0.744996976790101,37.60536580329926,70.70129758059636,,-3.6129900419532617
2024-04-12,109.9416002640152,2.1497657940151993,1.9553706593798192,0.0,108.89,1.0516002640151925,0.9657454899579323,0.09222156762010407,0.16717660728508313,16.791548766560748,68.07360530019989,,-3.6129900419532617
2024-04-13,109.9416002640152,2.1497657940151993,1.9553706593798192,0.0,108.89,1.0516002640151925,0.9657454899579323,0.09222156762010407,0.16717660728508313,15.39225303601402,65.62895552207706,,-3.6129900419532617
2024-04-14,109.9416002640152,2.1497657940151993,1.9553706593798192,27.19,136.08,1.0516002640151783,0.7727809112398428,0.09222156762010407,0.16717660728508313,14.208233571705248,63.37153776176932,,-3.6129900419532617
2024-04-15,107.54600218959503,-0.2458322804049671,-0.22858337399802586,27.19,136.08,-1.3439978104049715,-0.9876527119378096,-0.13900562881504064,-0.23735270411464807,-2.4063119218297353,60.95346026248623,,-3.6129900419532617
2024-04-16,135.5555001506134,0.6136951156134057,0.45272609000117275,0.0,136.08,-0.5244998493866149,-0.38543492753278574,-0.06388704982433056,-0.10897478220910584,2.296171966286904,58.85884966313062,,-3.6129900419532617
2024-04-17,133.18586760784456,-1.7559374271554538,-1.3184112238737484,0.0,136.08,-2.8941323921554556,-2.126787472189488,-0.2850227927578651,-0.4625234942158067,-8.916946993324284,56.86652325474874,,-3.6129900419532617
2024-04-18,133.60279648182677,-1.3390085531732152,-1.0022309326102712,0.0,136.08,-2.4772035181732406,-1.8204023502154911,-0.2490432083110669,-0.4034644550460221,-6.532536633343577,55.07277931766968,,-3.6129900419532617
2024-04-19,126.57891640743102,-8.362888627568967,-6.606857496433751,0.0,136.08,-9.501083592568989,-6.981983827578621,-0.7648940953348679,-1.0047065103040296,-37.306432174954935,53.787177172796596,,-5.60462656382348
2024-04-20,180.30108407954407,-2.7765618574559374,-1.5399584931119947,0.0,190.22,-9.91891592045593,-5.214444285803769,-0.7648940953348679,-1.0047065103040296,-8.675046253527011,52.278938344332126,,-5.60462656382348
2024-04-21,180.30108407954407,-2.7765618574559374,-1.5399584931119947,0.0,190.22,-9.91891592045593,-5.214444285803769,-0.7648940953348679,-1.0047065103040296,-8.24129394085066,50.89250557525993,,-5.60462656382348
2024-04-22,184.45826150934906,1.3806155723490552,0.7484704458623992,0.0,190.22,-5.7617384906509415,-3.0289866946961106,-0.5135533776503045,-0.7000596109091666,3.048429289544104,49.71327328726914,,-5.60462656382348
2024-04-23,189.18569372586822,6.10804778886822,3.228599197209296,0.0,190.22,-1.0343062741317794,-0.5437421270801069,-0.2494907161859311,-0.35325550827033675,14.183176827959812,48.81933619414974,,-4.608808302888371
2024-04-24,186.1876646511261,3.1100187141260935,1.670367755003303,0.0,190.22,-4.032335348873886,-2.1198272257774606,-0.40448820052328327,-0.5634307799465694,6.791597651935502,47.827959484788124,,-4.608808302888371
2024-04-25,184.54688484517976,1.4692389081797437,0.7961331395066998,0.0,190.22,-5.673115154820238,-2.982396779949657,-0.49114593973671744,-0.6793682756297186,2.8659701852023436,46.844059525853254,,-4.608808302888371
2024-04-26,220.81235253123168,13.931314391231679,6.309119137373094,0.0,217.17,3.642352531231694,1.6771895433216808,-0.030841638979048302,-0.047339815854540536,24.80327536925983,46.35129505156574,,-4.608808302888371
2024-04-27,220.81235253123168,13.931314391231679,6.309119137373094,0.0,217.17,3.642352531231694,1.6771895433216808,-0.030841638979048302,-0.047339815854540536,23.84930323967291,45.831116597165284,,-4.608808302888371
2024-04-28,220.81235253123168,13.931314391231679,6.309119137373094,0.0,217.17,3.642352531231694,1.6771895433216808,-0.030841638979048302,-0.047339815854540536,22.96599571227762,45.294311371276756,,-4.608808302888371
2024-04-29,218.50406088407746,11.623022744077446,5.319362348255755,0.0,217.17,1.3340608840774735,0.6142933573133829,-0.12638185460731416,-0.1925049825687971,18.610935904277206,44.67638385389054,,-4.608808302888371
2024-04-30,214.5497271601074,7.668689020107412,3.574317768479223,0.0,217.17,-2.6202728398925785,-1.2065537780966886,-0.2859610375573119,-0.42740227789363405,11.951784391107195,43.97666506994442,,-4.608808302888371
2024-05-01,213.51847687642822,6.637438736428213,3.108601575623625,0.0,217.17,-3.6515231235717636,-1.6814123145792532,-0.3293346643507127,-0.49086613234936416,10.001004268551625,43.28587906612999,237.0865238596005,-4.608808302888371
2024-05-02,218.05790745068055,11.176869310680534,5.125642743869985,0.0,217.17,0.887907450680558,0.40885364031890137,-0.14527684164423818,-0.22044896509036796,16.184975641328542,42.70348368313986,214.7680902582004,-4.608808302888371
2024-05-03,223.02272966789704,16.141691527897024,7.237688979923079,0.0,217.17,5.8527296678970515,2.6949991563738322,0.04886365430243186,0.07556768687320715,22.279339640202945,42.241812919074384,199.49048135676296,-4.608808302888371
2024-05-04,223.02272966789704,16.141691527897024,7.237688979923079,0.0,217.17,5.8527296678970515,2.6949991563738322,0.04886365430243186,0.07556768687320715,21.60420813595437,41.77887829788063,80.77354378988024,-4.608808302888371
2024-05-05,223.02272966789704,16.141691527897024,7.237688979923079,0.0,217.17,5.8527296678970515,2.6949991563738322,0.04886365430243186,0.07556768687320715,20.96879024960277,41.31743821869652,79.53986130242744,-4.608808302888371
2024-05-06,228.8233430853958,21.942304945395804,9.589189918096354,0.0,217.17,11.653343085395818,5.366000407697112,0.26650037463417764,0.4218145605030004,27.088256065823472,40.973819936447065,80.4516748537611,-4.608808302888371
2024-05-07,227.89383679450228,21.012798654502248,9.220433053417775,0.0,217.17,10.72383679450229,4.937991801124599,0.22967618784275196,0.3630336229150048,25.311479884332332,40.60098764184893,81.4516287392777,-4.608808302888371
2024-05-08,227.88080577079467,20.99976763079467,9.215241959393673,0.0,217.17,10.710805770794678,4.931991421832978,0.2278676837190965,0.3599278191394574,24.613355849555504,40.22293551698927,82.61716448482699,-4.608808302888371
2024-05-09,227.04925281904298,20.168214679042958,8.882748755450395,0.0,217.17,9.87925281904299,4.549087267598191,0.1947955533629431,0.307324269020944,23.090653843137517,39.82976437019359,83.19161600726802,-4.608808302888371
2024-05-10,227.83754488786468,20.956506747864676,9.198004112175141,0.0,217.17,10.667544887864693,4.912071136835057,0.22334622445300126,0.35222468665122564,23.306932864402576,39.448887235270774,84.02077437626747,-4.608808302888371
2024-05-11,227.83754488786468,20.956506747864676,9.198004112175141,0.0,217.17,10.667544887864693,4.912071136835057,0.22334622445300126,0.35222468665122564,22.724259542792513,39.06930917178501,80.56216283088966,-4.608808302888371
2024-05-12,227.83754488786468,20.956506747864676,9.198004112175141,0.0,217.17,10.667544887864693,4.912071136835057,0.22334622445300126,0.35222468665122564,22.17000931004148,38.692307623769686,81.11023192948966,-4.608808302888371
2024-05-13,227.27916549437867,20.398127354378655,8.974921792769063,0.0,217.17,10.109165494378686,4.654954871473356,0.20069401670218226,0.31625705608623733,21.111003565978397,38.31301940805151,81.58646916160038,-3.8005235463848623
2024-05-14,229.12250841157837,22.241470271578358,9.707239339238317,0.0,217.17,11.952508411578378,5.50375669364018,0.2689081894643144,0.4243258590117016,22.323114056232978,37.95704929331399,82.23541640805507,-3.8005235463848623
2024-05-15,234.09335143467862,27.21231329467864,11.624556241304425,0.0,217.17,16.923351434678636,7.792674602697719,0.44921640754999004,0.7196862057873513,26.173308968741566,37.655964418977646,81.99718644409833,-3.8005235463848623
2024-05-16,232.67520578215942,25.794167642159415,11.085911606030352,0.0,217.17,15.505205782159436,7.1396628365609605,0.3940802766175117,0.6301332933535634,24.394691802160477,37.33851951635176,81.98481270438111,-3.8005235463848623
2024-05-17,231.16226073133697,24.281222591336963,10.503973492263624,0.0,217.17,13.992260731336984,6.442998909304685,0.33556208648019187,0.5353365497088995,22.59928955914236,37.008686804831605,78.96981777448102,-3.8005235463848623
2024-05-18,231.16226073133697,24.281222591336963,10.503973492263624,0.0,217.17,13.992260731336984,6.442998909304685,0.33556208648019187,0.5353365497088995,22.118453611075502,36.68212016671326,76.1055171784709,-3.8005235463848623
2024-05-19,231.16226073133697,24.281222591336963,10.503973492263624,0.0,217.17,13.992260731336984,6.442998909304685,0.33556208648019187,0.5353365497088995,21.657652494178095,36.35932831411127,52.86341952695248,-3.8005235463848623
2024-05-20,233.33702993222505,26.455991792225028,11.33810257202186,0.0,217.17,16.167029932225063,7.444412180423201,0.41427488457267025,0.6622272106794304,22.917963830538213,36.05580169666562,45.461546776701944,-3.8005235463848623
2024-05-21,233.78325624687196,26.902218106871942,11.507333133585735,0.0,217.17,16.61325624687197,7.649885456956287,0.42961354543061625,0.6864698317047899,22.7980656770552,35.75811594784399,35.9827508937603,-3.8005235463848623
2024-05-22,233.55200558698732,26.670967446987294,11.41971244475295,0.0,217.17,16.382005586987333,7.543401752998727,0.4196588174942284,0.6703803701592782,22.179239509205516,35.461919311885296,31.575833797170127,-3.8005235463848623
2024-05-23,187.162105180101,31.234429808101005,16.68843689166937,54.1,217.17,24.092105180101015,11.093661730488105,0.680043592909913,1.1259418022495158,31.88487807040622,35.27680582114654,32.87396361784937,-3.8005235463848623
2024-05-24,190.15786067750858,34.230185305508535,18.000931007296085,54.1,217.17,27.087860677508587,12.473113541238932,0.7833406097675424,1.301553781070532,33.7596805891282,35.116972819296784,31.823115110477037,-3.8005235463848623
2024-05-25,190.15786067750858,34.230185305508535,18.000931007296085,54.1,217.17,27.087860677508587,12.473113541238932,0.7833406097675424,1.301553781070532,33.13450131895917,34.94756945232939,27.095515709958512,-3.8005235463848623
2024-05-26,190.15786067750858,34.230185305508535,18.000931007296085,54.1,217.17,27.087860677508587,12.473113541238932,0.7833406097675424,1.301553781070532,32.53205584043263,34.77023675476602,28.69660682876349,-3.8005235463848623
2024-05-27,190.15786067750858,34.230185305508535,18.000931007296085,54.1,217.17,27.087860677508587,12.473113541238932,0.7833406097675424,1.301553781070532,31.951126271853482,34.58639046161148,29.99746881855744,-3.8005235463848623
2024-05-28,223.98669807668074,41.08902635268075,18.344404692556395,27.09,217.17,33.906698076680755,15.61297512394933,1.0015368045394286,1.7041547903228305,31.99316560964607,34.40403637872522,31.172641234911577,-3.8005235463848623
2024-05-29,224.20099120349883,41.30331947949883,18.42245177319906,27.09,217.17,34.120991203498846,15.711650413730649,1.0077588478232835,1.7145138686879828,31.57612323817401,34.21823967099215,31.640818472267096,-3.8005235463848623
2024-05-30,218.17178126703948,35.274109543039486,16.168043978091017,27.09,217.17,28.091781267039494,12.935387607422525,0.7748122531902203,1.2739530581105143,27.21990454751336,33.9926943372187,29.101973503089294,-3.824008133628262
2024-05-31,350.8020182705719,27.373535710297183,7.80312948176487,0.0,325.89,24.912018270571934,7.644302761843546,0.35449218779997244,0.5295018775669569,12.82471531117789,33.7045360943672,27.72894380529615,-5.860843700700964
2024-06-01,487.7823734722382,3.1237795550266325,0.6404043534394791,0.0,461.38,26.402373472238196,5.722478970098009,0.35449218779997244,0.5295018775669569,0.8723017350513815,33.446197825247204,35.732716309768406,-7.044088729491673
2024-06-02,487.7823734722382,3.1237795550266325,0.6404043534394791,0.0,461.38,26.402373472238196,5.722478970098009,0.35449218779997244,0.5295018775669569,0.8582323522279722,33.19372531623878,42.72597929446297,-6.1863140576070705
2024-06-03,497.4211854772919,12.762591560080345,2.565751506509362,0.0,461.38,36.04118547729189,7.811605504636502,0.49174428034809753,0.7408065423227944,3.9007162086527396,32.93509407722293,47.02901705873449,-6.1863140576070705
2024-06-04,500.9779182314858,16.31932431427422,3.2574937378245052,0.0,461.38,39.59791823148578,8.582495606980316,0.5424823807369444,0.8176806553442029,4.920614754322451,32.67954344409552,50.36640314587015,-6.1863140576070705
2024-06-05,515.8252428170106,31.16664889979897,6.042094553107275,0.0,461.38,54.44524281701058,11.80052078915657,0.7438694083956132,1.14417627805021,9.12891424315252,32.42350297653838,51.84201045217978,-6.1863140576070705
2024-06-06,515.9137667511269,31.255172833915335,6.058216478838915,0.0,461.38,54.533766751126905,11.819707562340566,0.7440954928942883,1.14440053839055,9.015024520879967,32.17344774945828,53.264177136602456,-6.1863140576070705
2024-06-07,513.87807911045,29.21948519323845,5.686073483387133,0.0,461.38,52.49807911045002,11.378490422309165,0.7130670238859705,1.0964044415031953,8.325034609446265,31.929573569630954,54.69519547294992,-6.1863140576070705
2024-06-08,513.87807911045,29.21948519323845,5.686073483387133,0.0,461.38,52.49807911045002,11.378490422309165,0.7130670238859705,1.0964044415031953,8.202607629895585,31.691269229406963,56.05449911902068,-6.1863140576070705
2024-06-09,513.87807911045,29.21948519323845,5.686073483387133,0.0,461.38,52.49807911045002,11.378490422309165,0.7130670238859705,1.0964044415031953,8.083729258447821,31.458330306688033,57.25991533032881,-6.1863140576070705
2024-06-10,519.1824946489189,34.52390073170739,6.649665789493367,0.0,461.38,57.80249464891892,12.528175180744489,0.7868225317039224,1.2117347469343303,9.344807849193188,31.22966410822131,58.104732663075325,-6.1863140576070705
2024-06-11,519.8947316885208,35.23613777130929,6.777552381973348,0.0,461.38,58.51473168852078,12.682546206710473,0.7960255546090198,1.2256824605816814,9.393312798472127,31.005897472949965,58.859086604727054,-6.1863140576070705
2024-06-12,528.7971343337761,44.13854041656457,8.3469704260357,0.0,461.38,67.41713433377606,14.612062580470775,0.9171619427112323,1.4205373040694949,11.442597404135507,30.787201055198718,59.27707512086836,-6.1863140576070705
2024-06-13,532.3049014179085,47.64630750069695,8.95094284756364,0.0,461.38,70.92490141790847,15.372339810548457,0.9657924062130016,1.4962856979808183,12.113208976034937,30.573577596139085,59.48977282277479,-6.1863140576070705
2024-06-14,535.6489459015694,50.990351984357844,9.519360091063787,0.0400000000000055,461.38,74.30894590156936,16.10580127044288,1.0127021720184146,1.569312039060233,12.717648372980609,30.364960503075846,59.15520003782672,-6.1863140576070705
2024-06-15,535.6489459015694,50.990351984357844,9.519360091063787,0.0400000000000055,461.38,74.30894590156936,16.10580127044288,1.0127021720184146,1.569312039060233,12.548079728007533,30.160370186374465,58.97396301436251,-6.1863140576070705
2024-06-16,535.6489459015694,50.990351984357844,9.519360091063787,0.0400000000000055,461.38,74.30894590156936,16.10580127044288,1.0127021720184146,1.569312039060233,12.38297341579691,29.95969464058143,58.92718040273524,-6.1863140576070705
2024-06-17,536.8627225820358,52.2041286648243,9.723925031290882,0.0400000000000055,461.38,75.52272258203573,16.368876540386605,1.0290614304328727,1.5943857689810834,12.4878243327698,29.763074373541325,58.85888143394675,-6.1863140576070705
2024-06-18,540.9033982280143,56.24480431080285,10.39830855103876,0.1000000000000055,461.38,79.62339822801437,17.257661413154963,1.0857981655500746,1.6832358265864178,13.192318276898234,29.571070733788584,58.73568095682982,-6.1863140576070705
2024-06-19,540.9033982280143,56.24480431080285,10.39830855103876,0.1000000000000055,461.38,79.62339822801437,17.257661413154963,1.0857981655500746,1.6832358265864178,13.025326906304588,29.382531870192313,58.442267716235,-6.1863140576070705
2024-06-20,535.8570301575813,51.1984362403698,9.554495576052012,0.1000000000000055,461.38,74.57703015758136,16.16390614191802,1.0086414730546491,1.5601203620920812,11.807744101242346,29.19645526941207,58.17726524442944,-6.1863140576070705
2024-06-21,532.2191338657653,47.56053994855385,8.936270216949664,0.1000000000000055,461.38,70.93913386576537,15.375424566683726,0.9536964278818575,1.4736935165373948,10.898728298631516,29.013473027725816,57.98310000925487,-6.1863140576070705
2024-06-22,532.2191338657653,47.56053994855385,8.936270216949664,0.1000000000000055,461.38,70.93913386576537,15.375424566683726,0.9536964278818575,1.4736935165373948,10.765816977916497,28.83386065593562,55.561508944598664,-5.399932805107265
2024-06-23,532.2191338657653,47.56053994855385,8.936270216949664,0.1000000000000055,461.38,70.93913386576537,15.375424566683726,0.9536964278818575,1.4736935165373948,10.636108339628347,28.657523576411098,52.04808584198201,-5.399932805107265
2024-06-24,518.3839014596504,33.7253075424389,6.505855495796871,0.1000000000000055,461.38,57.10390145965039,12.376761337650176,0.740188095816111,1.1187657740809698,7.616137143736588,28.485918925701345,48.42719493033747,-5.435134190316215
2024-06-25,561.1215448403511,43.750069790139584,7.796897159346687,0.1000000000000055,488.67,72.55154484035114,14.846736005965406,0.8878513249031832,1.355581997579465,9.045408075633588,28.31618488135887,44.165275404435,-5.435134190316215
2024-06-26,566.6721436688781,49.30066861866665,8.700033903108949,0.1600000000000055,488.67,78.16214366887806,15.994872545660273,0.9579729637250145,1.4647643242542743,9.990387916338154,28.149145571627574,39.228839708344324,-5.435134190316215
2024-06-27,566.5678582316704,49.196383181458856,8.68322875480564,0.1600000000000055,488.67,78.05785823167031,15.97353187870553,0.9555224901723101,1.4610515490149512,9.856239608905177,27.985048282497075,33.05112893508854,-5.435134190316215
2024-06-28,558.5695347628174,41.19805971260586,7.375636719983232,0.1600000000000055,488.67,70.05953476281735,14.336778349973878,0.8451416255379818,1.285106591249604,8.258336846505792,27.82459055842911,25.18112420844261,-5.435134190316215
2024-06-29,558.5695347628174,41.19805971260586,7.375636719983232,0.1700000000000055,488.67,70.06953476281734,14.33882472073533,0.8451416255379818,1.285106591249604,8.165546544859659,27.666939061654457,17.873167760139484,-5.435134190316215
2024-06-30,558.5695347628174,41.19805971260586,7.375636719983232,0.1700000000000055,488.67,70.06953476281734,14.33882472073533,0.8451416255379818,1.285106591249604,8.074818249916774,27.51201508124869,17.558384693106923,-5.435134190316215
2024-07-01,565.0198355951517,47.64836054494,8.433042088646431,0.1700000000000055,488.67,76.51983559515162,15.658795423322818,0.9247620995524618,1.4092413134559678,9.148067905042083,27.358972950246507,15.283488950666298,-5.435134190316215
2024-07-02,566.8158362795341,49.44436122932263,8.723179217056732,0.1700000000000055,488.67,78.31583627953404,16.026323752130075,0.9467462890034076,1.4425986821592176,9.363998828259342,27.208374920892723,12.395601406375098,-5.435134190316215
2024-07-03,574.8290777505409,57.4576027003294,9.995597808861076,0.1700000000000055,488.67,86.32907775054088,17.666130057204427,1.0444608449019126,1.5972693287637358,10.631502703013913,27.060137009860142,10.810691214780586,-5.435134190316215
2024-07-04,574.8290777505409,57.4576027003294,9.995597808861076,0.1700000000000055,488.67,86.32907775054088,17.666130057204427,1.0444608449019126,1.5972693287637358,10.51840161042866,26.91427917167254,9.442123414940674,-5.435134190316215
2024-07-05,579.2317434012566,61.86026835104504,10.679709642258333,0.1700000000000055,488.67,90.73174340125655,18.567078683212916,1.0988576652465218,1.6815381739801856,11.127799312842313,26.770903151117643,9.417787653513944,-5.435134190316215
2024-07-06,579.2317434012566,61.86026835104504,10.679709642258333,27.540000000000006,516.04,90.73174340125661,17.58230823216352,1.0988576652465218,1.6815381739801856,11.011884736666872,26.629755545340593,9.353414998992621,-5.435134190316215
2024-07-07,579.2317434012566,61.86026835104504,10.679709642258333,27.540000000000006,516.04,90.73174340125661,17.58230823216352,1.0988576652465218,1.6815381739801856,10.89836015175278,26.49078485556468,9.131519270580885,-5.435134190316215
2024-07-08,607.209756857013,62.468291862801415,10.287761544897505,0.1700000000000052,516.04,91.33975685701296,17.700131163671994,1.105209606462171,1.6911550111960383,10.387205356978948,26.353885510453704,8.8381138673328,-5.435134190316215
2024-07-09,611.2733547728349,66.53188977862325,10.884146881119698,0.1700000000000052,516.04,95.40335477283486,18.487589096355876,1.1527606684056406,1.7645945197049773,10.884693521274306,26.21916457993684,8.483384822194832,-5.435134190316215
2024-07-10,619.8740329380776,75.13256794386604,12.120618698568943,0.1700000000000052,516.04,104.00403293807756,20.15425799125602,1.25103452690524,1.9218542716195388,12.012318403510807,26.087012478159004,8.497337215102322,-5.435134190316215
2024-07-11,599.326689002227,54.5852240080155,9.107757923961346,0.1700000000000052,516.04,83.456689002227,16.172523254442872,0.9692552720059223,1.4396695241130235,8.91035408802298,25.956594460049295,8.586254821870508,-5.551623401007175
2024-07-12,599.6378664400032,54.89640144579168,9.154925750721304,0.1700000000000052,516.04,83.76786644000322,16.232824284939777,0.9719125789658954,1.443560190905779,8.869240642807027,25.828134244891952,8.729290354495678,-5.031421954364778
2024-07-13,599.6378664400032,54.89640144579168,9.154925750721304,83.61,598.93,84.31786644000329,14.078083655853488,0.9719125789658954,1.443560190905779,8.78313151035259,25.701608257640807,8.758659004683182,-5.031421954364778
2024-07-14,599.6378664400032,54.89640144579168,9.154925750721304,83.61,598.93,84.31786644000329,14.078083655853488,0.9719125789658954,1.443560190905779,8.698678322753047,25.576970521696232,8.611249180061966,-5.031421954364778
2024-07-15,845.4861769286064,31.62000964639488,3.7398612194064174,0.7200000000000131,764.37,81.83617692860639,10.706356467235292,0.7512968447125974,1.093020657270266,3.4586294517602685,25.46220671149426,10.729404528333305,-5.528863589391794
2024-07-16,838.998296784121,25.132129501909407,2.9954923148522252,0.7200000000000131,764.37,75.34829678412098,9.857568557651526,0.6993363929948531,1.0164654540715743,2.7237660564095183,25.350890953843546,12.704431137651158,-5.528863589391794
2024-07-17,1310.0328035508096,-1.6973745415285402,-0.12956733120940567,0.0100000000000335,1263.75,46.292803550809595,3.663129855652589,0.3147716955620548,0.4317336855165085,-0.22230619277340322,25.25062169061637,15.806869854438622,-5.5475634013008
2024-07-18,1312.6305132000573,0.9003351077192018,0.06859014007866371,0.0100000000000335,1263.75,48.890513200057285,3.868685515335888,0.3251539038388235,0.44594127459071753,-0.03676866201802968,25.150787506187633,17.83003543141729,-5.5475634013008
2024-07-19,1301.34203536616,-10.388142726178199,-0.7982638264086563,0.0100000000000335,1263.75,37.60203536615995,2.9754330655715098,0.2748742387246119,0.3766234737095748,-0.8317102031805431,25.055080362361085,19.749433894955395,-5.5475634013008
2024-07-20,1301.34203536616,-10.388142726178199,-0.7982638264086563,0.0100000000000335,1263.75,37.60203536615995,2.9754330655715098,0.2748742387246119,0.3766234737095748,-0.8241492013334474,24.960363542788034,21.44916535601582,-5.5475634013008
2024-07-21,1301.34203536616,-10.388142726178199,-0.7982638264086563,0.0100000000000335,1263.75,37.60203536615995,2.9754330655715098,0.2748742387246119,0.3766234737095748,-0.8167244337538668,24.866622737062368,22.93695154113767,-5.5475634013008
2024-07-22,1328.9961031000992,17.26592500776116,1.2991704766842873,0.0100000000000335,1263.75,65.25610310009915,5.163687683489547,0.39120985642962813,0.5395262679407471,1.0632769478804922,24.767457834859005,23.581623256518863,-5.5475634013008
2024-07-23,1331.7697301425621,20.039552050224085,1.5047310054177991,0.0100000000000335,1263.75,68.02973014256213,5.383163611676529,0.40226100436083445,0.5547301671532036,1.235779389698817,24.668927653824305,24.052853129013528,-5.5475634013008
2024-07-24,1324.786466658806,-35.098267010532155,-2.6493527744929466,0.0100000000000335,1319.19,5.606466658805857,0.42499311386577043,0.1268676687504361,0.17001633529702045,-2.4189939206588447,24.584624828956567,25.788923768838202,-5.719067423608986
2024-07-25,1411.4548681935053,-40.08265975637625,-2.8398116482234603,0.0100000000000335,1429.25,-17.785131806494746,-1.2443681515826306,0.0382739545080868,0.05113674114815762,-2.563575602853562,24.501691473529597,27.222703085781706,-5.719067423608986
2024-07-26,1428.8593360315872,-22.678191918294132,-1.5871535669339527,0.0100000000000335,1429.25,-0.3806639684128186,-0.026633826721204727,0.1008322975049138,0.13496957287656977,-1.4615981568897316,24.41512107196993,27.976738302081213,-5.719067423608986
2024-07-27,1428.8593360315872,-22.678191918294132,-1.5871535669339527,0.0100000000000335,1429.25,-0.3806639684128186,-0.026633826721204727,0.1008322975049138,0.13496957287656977,-1.449105864950503,24.329353422512476,28.571634978565555,-5.719067423608986
2024-07-28,1428.8593360315872,-22.678191918294132,-1.5871535669339527,0.0100000000000335,1429.25,-0.3806639684128186,-0.026633826721204727,0.1008322975049138,0.13496957287656977,-1.4368253067729566,24.244379151771803,29.224469642554237,-5.719067423608986
2024-07-29,1429.8499905433814,-21.68753740649985,-1.5167701192387324,0.0100000000000335,1429.25,0.6099905433814001,0.042679065480594726,0.10358985058108028,0.1386502988387047,-1.3656053901654357,24.159975897403342,29.74989728919315,-5.719067423608986
2024-07-30,1510.2462284638932,-21.29343208277569,-1.4099311543677047,55.86000000000003,1595.53,-29.423771536106642,-1.8441377809321444,0.004316123336380839,0.00575505739683191,-1.265192874521534,24.076041204299422,30.153778205002006,-5.719067423608986
2024-07-31,1628.539124762996,44.8730471663271,2.755417200852178,0.8600000000000279,1595.53,33.86912476299608,2.122750732546306,0.20506794885528148,0.2790987892323667,2.1876999221438367,23.98302122534144,29.845902945991018,-5.719067423608986
2024-08-01,1603.6399295029344,19.97385190626546,1.2455322132354594,0.8600000000000279,1595.53,8.96992950293452,0.5621912156421076,0.12451520286646943,0.16902846251203812,0.9321573099814126,23.894152823363253,29.54645624812412,-5.348494883959363
2024-08-02,1794.1545350230836,27.074729780630005,1.5090522723719368,0.0,1822.0,-27.845464976916446,-1.5282911622895963,0.0177278891308737,0.023954247299023075,1.1388227457835778,23.805709905563017,28.855276727637737,-5.348494883959363
2024-08-03,1794.1545350230836,27.074729780630005,1.5090522723719368,0.0,1822.0,-27.845464976916446,-1.5282911622895963,0.0177278891308737,0.023954247299023075,1.1296386913820975,23.71825114624171,28.06737651021211,-5.348494883959363
2024-08-04,1794.1545350230836,27.074729780630005,1.5090522723719368,0.0,1822.0,-27.845464976916446,-1.5282911622895963,0.0177278891308737,0.023954247299023075,1.1206015818510406,23.63175838363481,26.96415891870899,-5.348494883959363
2024-08-05,1889.084215544886,-23.80331620625476,-1.2600452648104388,0.0,1991.68,-102.59578445511397,-5.151218290845616,-0.16283972849722028,-0.21713141382487106,-1.0859885395782336,23.552491380009318,25.952169309711877,-5.348494883959363
2024-08-06,1926.4332850902565,13.545753339115725,0.703151956725098,0.0,1991.68,-65.24671490974356,-3.275963754706758,-0.07037063711147312,-0.09424038168149222,0.4683871351708363,23.469431550533415,24.570281494743885,-5.348494883959363
2024-08-07,1896.2264754964585,-16.66105625468234,-0.8786427396717074,0.0,1991.68,-95.45352450354153,-4.792613497325952,-0.1455821712855662,-0.1945013920803595,-0.7710492458826901,23.39074651465744,23.257430085426563,-5.348494883959363
2024-08-08,1959.289219328412,46.40168757727108,2.368291884603757,0.0,1991.68,-32.39078067158812,-1.6263044601335614,0.009325716822556278,0.012610570445702653,1.7519314647640476,23.306282461190502,21.32108948656945,-5.348494883959363
2024-08-09,1971.8873449628227,58.99981321168195,2.992047865330477,0.0,1991.68,-19.792655037177383,-0.9937668218377139,0.03930162837929693,0.05316553020481792,2.218267361747955,23.22175494777033,18.42492040203467,-5.348494883959363
2024-08-10,1971.8873449628227,58.99981321168195,2.992047865330477,0.0,1991.68,-19.792655037177383,-0.9937668218377139,0.03930162837929693,0.05316553020481792,2.201334023108658,23.138168568047885,16.686935140584648,-5.348494883959363
2024-08-11,1971.8873449628227,58.99981321168195,2.992047865330477,0.0,1991.68,-19.792655037177383,-0.9937668218377139,0.03930162837929693,0.05316553020481792,2.1846572502063193,23.055505727266016,14.661669352567491,-5.348494883959363
2024-08-12,1994.1811132115463,93.95020765840556,4.711217403272997,0.0100000000000228,1991.68,2.511113211546217,0.12608015401802583,0.09284359977234094,0.1257650491579512,3.460839930988617,22.971517012876507,12.476306909779161,-5.348494883959363
2024-08-13,2059.4075324515197,159.176626898379,7.7292436970401415,0.0100000000000228,1991.68,67.73753245151988,3.401024886102179,0.2480094427771248,0.3400566013962025,5.687271195508959,22.88590995753589,10.70345431968423,-5.348494883959363
2024-08-14,2124.6330648839994,174.70231732885884,8.22270537987684,0.0100000000000228,2048.69,75.95306488399956,3.707396672214906,0.26197029563992685,0.3592010878312276,6.01067043319904,22.8010228274917,11.681176642221992,-5.348494883959363
2024-08-15,2180.0238250386356,230.09307748349448,10.55461297444383,0.0100000000000228,2048.69,131.3438250386357,6.411112712935374,0.38780498046915224,0.5359204862727449,7.681112264254186,22.716436599572052,13.508428797871673,-5.348494883959363
2024-08-16,2184.6925315252624,234.76178397012166,10.745758525856298,0.1200000000000228,2048.69,136.12253152526227,6.644369403143583,0.3981808228476519,0.550239568121586,7.7645680516774895,22.632776800849193,15.146522196287247,-5.348494883959363
2024-08-17,2184.6925315252624,234.76178397012166,10.745758525856298,288.05,2336.62,136.12253152526273,5.825616982019445,0.3981808228476519,0.550239568121586,7.70830306579577,22.550039661564412,16.485439789150217,-5.348494883959363
2024-08-18,2184.6925315252624,234.76178397012166,10.745758525856298,288.05,2336.62,136.12253152526273,5.825616982019445,0.3981808228476519,0.550239568121586,7.652847648056231,22.4682092811601,17.49153240696261,-5.348494883959363
2024-08-19,2227.9961477562088,278.06540020106803,12.480515304351165,578.24,2626.81,179.42614775620905,6.830571977273159,0.4448739556416117,0.6152969896879559,8.837296435209305,22.38735056732518,18.728256315288494,-5.348494883959363
2024-08-20,2217.7935455526886,266.44286579154783,12.01387145912847,578.24,2626.81,169.2235455526884,6.4421692300809115,0.42559470834576374,0.588560098878111,8.443667492248466,22.30728097307774,19.59438991170324,-5.348494883959363
2024-08-21,2229.1120330490903,277.7613532879498,12.460627782266018,578.24,2626.81,180.54203304909015,6.87305260179039,0.4453285119557987,0.615891376957255,8.698822174090058,22.22810871063284,20.58458806847213,-5.056540620290393
2024-08-22,2181.0908837065185,229.74020394537777,10.533270560232692,578.24,2626.81,132.52088370651882,5.04493601389209,0.35624274009574886,0.4911541831774462,7.290188996625564,22.149788342868742,21.087239690723937,-5.056540620290393
2024-08-23,2217.911271634967,266.5605918738263,12.018541737124007,666.13,2714.7,169.34127163496714,6.237936848821865,0.41144153456464544,0.5680003866883383,8.271001001434634,22.072215355747378,21.116656010271395,-5.056540620290393
2024-08-24,2217.911271634967,266.5605918738263,12.018541737124007,666.13,2714.7,169.34127163496714,6.237936848821865,0.41144153456464544,0.5680003866883383,8.213959615217842,21.995447830833864,20.90307885300025,-5.056540620290393
2024-08-25,2217.911271634967,266.5605918738263,12.018541737124007,666.13,2714.7,169.34127163496714,6.237936848821865,0.41144153456464544,0.5680003866883383,8.157699617853337,21.919472956698723,20.798293644591425,-5.056540620290393
2024-08-26,2193.004345251512,241.65366549037142,11.01929715796603,666.13,2714.7,144.43434525151224,5.320453282186328,0.3669599117536139,0.5062188028020915,7.422446845515573,21.84433413184125,20.40218745350668,-5.056540620290393
2024-08-27,2195.774406255864,244.42372649472318,11.131550026193427,666.13,2714.7,147.20440625586434,5.422492586873847,0.37107652016921167,0.5118730999375929,7.448141710226548,21.769958084299198,19.869918116511943,-5.056540620290393
2024-08-28,2333.815692084535,190.7584281793944,8.173671503982877,501.13,2714.7,120.24569208453522,4.429428374573074,0.32306844305433163,0.44525348277142773,5.413000811358887,21.697336356191318,19.00070514779789,-5.056540620290393
2024-08-29,2295.1049123860093,152.04764848086842,6.624867022867311,501.13,2714.7,81.53491238600964,3.0034594019968925,0.25448278825005904,0.3500649300942396,4.344377818539451,21.626465106060163,18.02919838351468,-5.056540620290393
2024-08-30,2329.2761438855177,186.2188799803771,7.994710308144968,501.13,2714.7,115.70614388551803,4.262207385181347,0.3124779794579073,0.4304979035679251,5.2227880881369755,21.555421481978076,17.840462281188675,-5.056540620290393
2024-08-31,2329.2761438855177,186.2188799803771,7.994710308144968,501.13,2714.7,115.70614388551803,4.262207385181347,0.3124779794579073,0.4304979035679251,5.1884276401887055,21.48510225109626,17.37925955792517,-5.056540620290393
2024-09-01,2329.2761438855177,186.2188799803771,7.994710308144968,501.13,2714.7,115.70614388551803,4.262207385181347,0.3124779794579073,0.4304979035679251,5.154516348422766,21.41549526393171,16.919975453018594,-5.056540620290393
2024-09-02,2329.2761438855177,186.2188799803771,7.994710308144968,501.13,2714.7,115.70614388551803,4.262207385181347,0.3124779794579073,0.4304979035679251,5.121045463043398,21.34658864968615,16.411872874707957,-5.056540620290393
2024-09-03,2230.1376084399735,87.08034453483265,3.9047072344449236,501.13,2714.7,16.56760843997381,0.6102924242079718,0.1381688059068134,0.18802408182399397,2.4492947996043792,21.281679023031923,16.11779301959087,-5.191183407676949
2024-09-04,2375.581807710594,84.47141800345344,3.5558202091495468,336.13,2714.7,-2.9881922894055606,-0.11007449402901097,0.104093978375562,0.14158455668666955,2.2099486628791096,21.217755113675242,15.072754710188416,-5.191183407676949
2024-09-05,2395.95267493175,104.84228522460975,4.375807849693702,336.13,2714.7,17.382674931750444,0.6403166070560447,0.13803168365840252,0.1878397194981204,2.7181576781118255,21.153578389662663,14.467510374427603,-5.191183407676949
2024-09-06,2963.963180171423,21.40171188515536,0.7220640265820568,0.8300000000000409,3024.54,-59.74681982857692,-1.9754018736263008,0.016361692119528242,0.02213137707396022,0.3884580579265326,21.094344766361672,13.988449395646823,-5.2572689298082
2024-09-07,2963.963180171423,21.40171188515536,0.7220640265820568,0.8300000000000409,3024.54,-59.74681982857692,-1.9754018736263008,0.016361692119528242,0.02213137707396022,0.3860149254867431,21.035599391602286,14.427899768641412,-5.2572689298082
2024-09-08,2963.963180171423,21.40171188515536,0.7220640265820568,0.8300000000000409,3024.54,-59.74681982857692,-1.9754018736263008,0.016361692119528242,0.02213137707396022,0.38360233220245094,20.977335738146927,14.961761765111806,-5.2572689298082
2024-09-09,3012.367108204268,69.80563991799991,2.3173018895300728,0.8300000000000409,3024.54,-11.342891795732157,-0.37502865876239555,0.08886055180555558,0.12050700112042644,1.3720506797962342,20.917551472261685,15.166961165070619,-5.2572689298082
2024-09-10,3046.110755282791,103.54928699652315,3.399393367983758,0.8300000000000409,3024.54,22.400755282791124,0.7406334610483287,0.1390716927783948,0.1888241213430905,2.0315389339047054,20.85711400219428,15.201026844804629,-5.020356787169693
2024-09-11,3171.6600669448744,229.0985986586066,7.223302429105763,0.8300000000000409,3024.54,147.95006694487438,4.891655158962169,0.32245829241237567,0.44545061544251624,4.365031984078299,20.794172282155078,15.110103739495468,-5.020356787169693
2024-09-12,3224.3089457678184,281.7474774815497,8.738228321804195,1.4100000000000412,3024.54,201.17894576781828,6.651555137899261,0.39971614691943524,0.553727327878847,5.2621512358207685,20.73106998066699,15.107758039775653,-5.020356787169693
2024-09-13,3235.2168516539823,292.6553833677146,9.045927886351622,1.4100000000000412,3024.54,212.0868516539822,7.0122019101741815,0.4152047442585708,0.5752029606033152,5.416743994723326,20.66843826510563,15.094064177186482,-5.020356787169693
2024-09-14,3235.2168516539823,292.6553833677146,9.045927886351622,1.4100000000000412,3024.54,212.0868516539822,7.0122019101741815,0.4152047442585708,0.5752029606033152,5.384113006803306,20.606391180025753,14.903372261240325,-5.020356787169693
2024-09-15,3235.2168516539823,292.6553833677146,9.045927886351622,1.4100000000000412,3024.54,212.0868516539822,7.0122019101741815,0.4152047442585708,0.5752029606033152,5.351872809157777,20.544919814554927,14.682726507651553,-5.020356787169693
2024-09-16,659.6168186771545,6.425028040992314,0.9740546115663865,2541.1,3024.54,176.1768186771542,5.8249128355767885,0.3608108874137319,0.49926766219174507,0.5153299503025306,20.490432455552885,15.170539403096678,-5.570002745916759
2024-09-17,663.9644627563827,10.772662600200992,1.622475780628281,2541.1,3024.54,180.5244627563825,5.968658465630559,0.36660395466091267,0.5072667068998326,0.8959618257811516,20.435621321788425,15.437032404549837,-5.570002745916759
2024-09-18,668.3536148438858,15.161796927755313,2.268529202358965,2541.1,3024.54,184.91361484388563,6.113776469938755,0.37245087799189813,0.5153401001702648,1.270722886647547,20.380553704787573,15.214932776230265,-5.570002745916759
2024-09-19,515.5577546212478,21.34422432511737,4.140025852350491,2706.88,3024.54,197.89775462124817,6.543069512099301,0.3909502412301355,0.5409811779124606,2.3577342440306173,20.324177202521174,14.79148557377723,-5.570002745916759
2024-09-20,520.1683323325531,25.95478707640063,4.989689964403151,2706.88,3024.54,202.50833233255344,6.695508485011057,0.39711670772647856,0.5494969441581221,2.8380172496191953,20.267606425987857,14.130769569854063,-5.570002745916759
2024-09-21,520.1683323325531,25.95478707640063,4.989689964403151,2706.88,3024.54,202.50833233255344,6.695508485011057,0.39711670772647856,0.5494969441581221,2.821612525632957,20.211525106117502,13.787838883861363,-5.570002745916759
2024-09-22,520.1683323325531,25.95478707640063,4.989689964403151,2706.88,3024.54,202.50833233255344,6.695508485011057,0.39711670772647856,0.5494969441581221,2.805396361692538,20.155926117432717,13.079296180875017,-5.570002745916759
2024-09-23,514.6356664224029,20.422123246267574,3.968268151377113,2706.88,3024.54,196.97566642240326,6.512582621569008,0.38825931968077304,0.5372216308328821,2.205695917896559,20.10159763290133,12.322588316886293,-5.570002745916759
2024-09-24,1116.0916528975172,22.88720914638691,2.0506567795726074,2106.88,3024.54,198.43165289751732,6.560721726196952,0.3897614879942074,0.5392825109976287,1.1036116389286774,20.049454689399496,11.599742489879889,-5.570002745916759
2024-09-25,1611.3613333603987,19.491540497263472,1.2096318866368112,1606.88,3024.54,193.70133336039908,6.404323743789107,0.38208828223822694,0.52864938381443,0.622221238180043,19.998575462283473,11.099288830651746,-5.570002745916759
2024-09-26,1770.157725571025,27.908073745879985,1.5765868398465614,1457.13,3024.54,202.74772557102506,6.7034235146840535,0.3947832139302189,0.5462209109992426,0.8248800813418125,19.947705581223985,10.368203846417414,-5.570002745916759
2024-09-27,1774.613004482286,32.363331537145854,1.8236838936378312,1457.13,3024.54,207.2030044822859,6.850727862163699,0.400715449063253,0.554412781696077,0.9583148595417297,19.89698130956966,10.198319234183844,-5.570002745916759
2024-09-28,1774.613004482286,32.363331537145854,1.8236838936378312,1457.13,3024.54,207.2030044822859,6.850727862163699,0.400715449063253,0.554412781696077,0.9529908880998312,19.846645827464673,10.207642355622038,-5.570002745916759
2024-09-29,1774.613004482286,32.363331537145854,1.8236838936378312,1457.13,3024.54,207.2030044822859,6.850727862163699,0.400715449063253,0.554412781696077,0.9477257450716554,19.796694179664048,9.972169232921235,-5.570002745916759
2024-09-30,1787.5278370746703,45.27816444953752,2.5330047180488253,1457.13,3024.54,220.1178370746702,7.277729409254638,0.41909721273016,0.5798935294642288,1.3322551774674123,19.746480317614083,9.627038090060594,-5.325508435931248
2024-10-01,1692.5380962764357,7.056328973421747,0.4169081327590552,1531.8000000000002,3024.54,199.7980962764359,6.605900278271602,0.38818554254769416,0.5369316180798785,0.1686381626780984,19.698666182946816,9.412243429787543,-5.325508435931248
2024-10-02,1692.343161648169,6.861409145142634,0.4054384063844548,1531.8000000000002,3024.54,199.60316164816913,6.599455178247572,0.3872353245357439,0.5356045357234089,0.16148810398169544,19.651203124537698,9.112075920801976,-5.325508435931248
2024-10-03,1684.362718004904,-1.119002498122134,-0.0664347700267061,1531.89,3024.54,191.71271800490422,6.338574394946147,0.3748628695235084,0.5184614435286686,-0.09445138653234664,19.60456128094918,9.339376858436426,-5.325508435931248
2024-10-04,2617.216787965274,36.37499912294457,1.389835159632455,631.8900000000001,3024.54,224.56678796527376,7.424824534153086,0.4222767565708596,0.5846095900708721,0.6889972390184516,19.556817707491394,9.41607019627218,-5.325508435931248
2024-10-05,2617.216787965274,36.37499912294457,1.389835159632455,631.8900000000001,3024.54,224.56678796527376,7.424824534153086,0.4222767565708596,0.5846095900708721,0.6853127618044491,19.50942213949929,9.44853485608473,-5.325508435931248
2024-10-06,2617.216787965274,36.37499912294457,1.389835159632455,631.8900000000001,3024.54,224.56678796527376,7.424824534153086,0.4222767565708596,0.5846095900708721,0.6816674811565531,19.462370383762252,9.40724797850305,-5.325508435931248
2024-10-07,2583.978384735399,3.1366182930938087,0.12138717226208534,631.8900000000001,3024.54,191.32838473539869,6.3258672305672485,0.37199962297639916,0.5144931157647239,0.006924273652883756,19.41684054843539,9.474559495174542,-5.325508435931248
2024-10-08,2608.3465864660857,27.504861383766112,1.054494120009988,631.8900000000001,3024.54,215.69658646608605,7.131550135428396,0.4069978517466624,0.5631755756743305,0.4979967499746594,19.370751373468398,9.457411030760458,-5.325508435931248
2024-10-09,2633.1041064000137,52.262379397650086,1.9848200939196186,631.8900000000001,3024.54,240.4541064000141,7.950105020929269,0.4425239922901228,0.6126432552469637,0.9824710988803578,19.324196120444228,9.484247767337331,-5.325508435931248
2024-10-10,2629.098023847858,48.25631412552332,1.8354703281430729,631.8900000000001,3024.54,236.44802384785817,7.817652398310426,0.4358928593405191,0.6034503710889647,0.8995677255650718,19.278100241322473,9.523308378755427,-5.325508435931248
2024-10-11,2755.353102721246,64.42246462164178,2.338083803415859,531.8900000000001,3024.54,262.70310272124607,8.685720893796942,0.4735557488241305,0.6559668119409774,1.1553282426723959,19.23193937248,9.149905011888638,-5.325508435931248
2024-10-12,2755.353102721246,64.42246462164178,2.338083803415859,531.8900000000001,3024.54,262.70310272124607,8.685720893796942,0.4735557488241305,0.6559668119409774,1.1493729424524348,19.186114081053443,8.36398810018937,-5.325508435931248
2024-10-13,2755.353102721246,64.42246462164178,2.338083803415859,531.8900000000001,3024.54,262.70310272124607,8.685720893796942,0.4735557488241305,0.6559668119409774,1.1434787222347302,19.140620286928584,7.332234648663118,-5.325508435931248
2024-10-14,2771.2901006626553,80.35948872308526,2.8997140611107497,531.8900000000001,3024.54,278.64010066265564,9.212643928090078,0.4962038775327545,0.6874469416460602,1.4241906969656197,19.095047327301607,6.050953289155668,-5.325508435931248
2024-10-15,2814.8079133008537,73.2936473872743,2.6038596467254025,481.8900000000001,3024.54,272.1579133008536,8.998324151800063,0.4859206298275387,0.6731793559817032,1.266781396785415,19.05001487819176,4.311910867593379,-5.325508435931248
2024-10-16,2817.167432480049,75.65319952642989,2.685434974655723,481.8900000000001,3024.54,274.51743248004914,9.076336648880462,0.4886954629190144,0.6770056962343385,1.3015831715139334,19.005248241709616,4.271418425956935,-5.325508435931248
2024-10-17,2820.587396098292,79.07317282460492,2.8034292762559505,481.8900000000001,3024.54,277.9373960982921,9.189410492117547,0.4930162101079554,0.6829736362088725,1.3543361714561886,18.960720677076342,4.269452294731515,-5.325508435931248
2024-10-18,2983.4488132561796,92.17955776255073,3.0896979815096817,331.8900000000001,3024.54,290.7988132561795,9.61464597116188,0.5111764914335284,0.7081887257863146,1.4906988432257733,18.916319693150168,4.281510313832688,-5.325508435931248
2024-10-19,2983.4488132561796,92.17955776255073,3.0896979815096817,331.8900000000001,3024.54,290.7988132561795,9.61464597116188,0.5111764914335284,0.7081887257863146,1.4832824310704211,18.87223680920697,4.114014254584395,-5.325508435931248
2024-10-20,2983.4488132561796,92.17955776255073,3.0896979815096817,331.8900000000001,3024.54,290.7988132561795,9.61464597116188,0.5111764914335284,0.7081887257863146,1.4759394487383894,18.8284681974658,3.7367497004744084,-5.11526773944728
2024-10-21,2979.9455249040525,88.67631509047737,2.975769669257043,331.8900000000001,3024.54,287.2955249040524,9.498817172332071,0.5052745649848791,0.7000028394845398,1.4125464897531566,18.785083265811963,3.2986330532843886,-5.11526773944728
2024-10-22,2988.153309227104,96.88409845344582,3.242273351714515,331.8900000000001,3024.54,295.5033092271042,9.77019015212575,0.5166035080512228,0.7157013377271169,1.536261302282539,18.741835787583657,2.8011457863027975,-5.11526773944728
2024-10-23,3101.8729719856933,64.02171758704476,2.0639696778446943,181.89000000000007,3024.54,259.2229719856932,8.57065775244147,0.4617283128859895,0.638934285346765,0.9539850647739313,18.699661335068946,2.505039259403317,-5.11526773944728
2024-10-24,3161.708567010316,74.34657574371671,2.351468333275833,131.8900000000001,3024.54,269.05856701031644,8.895850840468848,0.47541796744051457,0.6578978791702732,1.0889165234066494,18.65758080363435,2.504163851361306,-5.11526773944728
2024-10-25,3164.0992443808773,76.73726215419491,2.425248269012819,131.8900000000001,3024.54,271.44924438087764,8.974893517059707,0.47819431984173855,0.6617240190596814,1.1192985381423592,18.615739483144,2.4857558345934394,-5.11526773944728
2024-10-26,3164.0992443808773,76.73726215419491,2.425248269012819,131.8900000000001,3024.54,271.44924438087764,8.974893517059707,0.47819431984173855,0.6617240190596814,1.113917295170521,18.57418318102188,2.4853013613140984,-5.11526773944728
2024-10-27,3164.0992443808773,76.73726215419491,2.425248269012819,131.8900000000001,3024.54,271.44924438087764,8.974893517059707,0.47819431984173855,0.6617240190596814,1.1085875473467388,18.532908648366984,2.488611330636623,-5.11526773944728
2024-10-28,3185.038868906181,97.67687851958644,3.066740549798409,131.8900000000001,3024.54,292.3888689061814,9.667217788694526,0.5080227437924955,0.7032343267405016,1.4087810736858446,18.491520828346303,2.524406709987517,-5.11526773944728
2024-10-29,3201.140545156732,113.77856061010311,3.554313189473921,131.8900000000001,3024.54,308.49054515673197,10.199585561993956,0.5308208386131434,0.7349138748531898,1.633181466547766,18.450136732156142,2.60209582999573,-5.11526773944728
2024-10-30,3194.838623797943,107.47662397128475,3.3640705095620533,131.8900000000001,3024.54,302.18862379794336,9.991225898746366,0.5207828338023486,0.7209973989075505,1.5357406672188294,18.409142879137647,2.635019950615884,-5.11526773944728
2024-10-31,3241.9642407979763,18.781606571868632,0.5793279992269665,0.0,3024.54,217.42424079797638,7.188671361528575,0.3923889896913954,0.539667156181147,0.22113976721541387,18.370197703733382,2.6177772986246253,-5.11526773944728
2024-11-01,3263.259925193672,40.07729096756413,1.2281366451428342,1.69000000000011,3024.54,240.40992519367228,7.948644263050656,0.4249064984230771,0.5846406209118971,0.5232880140582706,18.331050001832878,2.5167136480201915,-5.11526773944728
2024-11-02,3263.259925193672,40.07729096756413,1.2281366451428342,1.69000000000011,3024.54,240.40992519367228,7.948644263050656,0.4249064984230771,0.5846406209118971,0.5208541163184648,18.29215167114825,2.2948105200223,-5.11526773944728
2024-11-03,3263.259925193672,40.07729096756413,1.2281366451428342,1.69000000000011,3024.54,240.40992519367228,7.948644263050656,0.4249064984230771,0.5846406209118971,0.5184427546688423,18.253500086530394,2.3295746858076907,-5.11526773944728
2024-11-04,3327.3240650894422,25.860984910334412,0.7772307236818317,0.0,3113.29,214.03406508944227,6.874851526502263,0.37641680008579587,0.5174519743598531,0.3082628703335008,18.215389815934024,2.4204586108644413,-5.11526773944728
2024-11-05,3366.818740028903,65.35565984979516,1.9411695400398685,0.0,3113.29,253.52874002890303,8.143434759656282,0.4308457895971754,0.5930776546717873,0.8407657087072173,18.176779406226807,2.4009786446414263,-5.11526773944728
2024-11-06,3495.8574118169327,194.39433163782465,5.560705393209684,0.0,3113.29,382.5674118169327,12.288203534426048,0.6025211647370055,0.842463909746146,2.4896826932198857,18.136605652280217,2.564156838204909,-5.11526773944728
2024-11-07,3512.0145853638473,210.5515051847393,5.995177413619027,0.0,3113.29,398.7245853638474,12.80717778825125,0.6241194254699977,0.8727820213672676,2.6758532357094964,18.096536914520684,2.9088478694722597,-5.11526773944728
2024-11-08,3511.3921848720097,209.92910469290123,5.978514892108333,0.0,3113.29,398.10218487200973,12.787186059506494,0.6225204334410948,0.8705393370384318,2.656205700022714,18.056748548245793,3.2394046430741463,-5.11526773944728
2024-11-09,3511.3921848720097,209.92910469290123,5.978514892108333,0.0,3113.29,398.10218487200973,12.787186059506494,0.6225204334410948,0.8705393370384318,2.6442408094820715,18.01723104007781,3.4979064906779906,-4.935485304677552
2024-11-10,3511.3921848720097,209.92910469290123,5.978514892108333,0.0,3113.29,398.10218487200973,12.787186059506494,0.6225204334410948,0.8705393370384318,2.6323832273767707,17.977981298789175,3.730736928984251,-4.935485304677552
